income_group,min,mean,max
High income,1,17.254553700797555,99
Low income,1,15.705084234050823,99
Medium income,1,17.155731097528744,99
