age_group,min,mean,max
Middle-aged,0.0,11.082987453032414,30.0
Older adult,0.0,11.125193273441123,30.0
Senior,0.0,11.08128297284562,30.0
Young,0.0,11.124662373273992,30.0
