income_group,min,mean,max
High income,0.0,11.045261320473573,30.0
Low income,0.0,11.687196288355647,30.0
Medium income,0.0,11.12774024800396,30.0
