age_group,min,mean,max
Middle-aged,1,17.233244336084503,99
Older adult,1,17.132687553351236,99
Senior,1,17.104121470230943,99
Young,1,17.106950099980928,99
